id,group,first_name,last_name,City,Gender
1,show,Kassia,McChesney,Ping’an,Female
2,show,Jareb,Alebrooke,Pleasant Point,Male
3,show,Merla,,Mulanje,Female
4,horse,Karlyn,Trusse,Cáchira,Female
5,horse,,Sidney,Ḩurayḑah,Male
6,show,Norby,Geockle,Wuyang,Male
7,,Berton,Gable,Meylan,Male
8,horse,Colby,Metzke,Sangongqiao,Male
9,apple,Mathew,,Saumur,Male
10,apple,Rouvin,Hinkens,Béziers,Male
11,show,Jackson,Folk,Jamundí,Male
12,show,Gaby,Gallamore,Jinxiang,Female
13,horse,Tommy,,Motala,Female
14,show,Janeta,Waycott,Osiek nad Notecią,Female
15,horse,Clarke,Hexam,Tālīn,Male
16,apple,Melli,Phettis,Zephyrhills,Female
17,show,Lynne,Silman,Sędziszów,Female
18,apple,Max,Willacot,Nowshera,Female
19,horse,,Best,Tall Tamr,Female
20,horse,Jannelle,Hasard,Kampungruweh,Female
21,horse,Flin,Ivison,Maszewo Duże,Male
22,horse,Lanita,Sharrier,Jāsim,Female
23,,Garfield,Cosser,Tajike’abati,Male
24,show,Davie,MacGovern,Langkou,Male
25,horse,Kalila,Brimicombe,Åkersberga,Female
26,horse,Jerrylee,Kleinhaut,Hobo,Female
27,show,Ruy,Coulston,Balung Barat,Male
28,apple,Desmund,Stubley,Labège,Male
29,,Verile,Bratt,Yinla,Female
30,horse,Gretna,Windross,Horní Počaply,Female
31,horse,Eimile,Baly,Shixi,Female
32,,Cammy,Marryatt,Desovo,Male
33,apple,Lorena,Dignan,Abadiânia,Female
34,apple,Trixy,Burrett,Fuwah,Female
35,horse,Sutton,Yetts,Jiaogong,Male
36,show,Eadmund,MacCall,Mato Cheirinhos,Male
37,apple,Becca,MacInnes,Haninge,Female
38,horse,Mannie,Leadley,Lupao,Male
39,horse,Leigha,Chessun,Talu,Female
40,apple,Anabal,Scalera,Bailingnao,Female
41,show,Arnaldo,Tiltman,Aizi,Male
42,horse,Valdemar,Spong,Sula,Male
43,apple,Ethelyn,Dodswell,Severo-Zadonsk,Female
44,show,Ameline,Raecroft,Shimeitang,Female
45,show,Christie,Gabbitas,Tashanta,Male
46,show,Terrijo,Bussons,Seixo,Female
47,horse,Waylen,Daniau,Osby,Male
48,horse,Nollie,,Enrekang,Female
49,apple,Aldric,Lambden,Volot,Male
50,,,Bridgewater,Ranot,Male
51,horse,Virginie,Michelotti,Ziyang,Female
52,horse,Rollins,Pattington,Hongqiao,Male
53,apple,Raphaela,Godding,Saint Louis,Female
54,show,Wilona,Entwhistle,Seltjarnarnes,Female
55,show,Arabelle,Anthoin,Palaiseau,Female
56,apple,Bevan,Ruddlesden,Imbang,Male
57,horse,Georgeta,Keen,Petrovskiy,Female
58,show,Marion,Lawie,Zhezqazghan,Male
59,apple,Jessika,Embleton,Saint-Eustache,Female
60,show,Grayce,Weems,Tiraspol,Female
61,show,Vivianne,Hubeaux,Minato,Female
62,show,Hanan,Impy,Cholpon-Ata,Male
63,horse,Cleve,Consterdine,Krajan Dua Patempuran,Male
64,show,Gabby,Botterell,Montonggamang,Male
65,apple,Arney,Dredge,Lukićevo,Male
66,,Isabeau,Aldren,Huaylillas,Female
67,horse,Cherise,Ciccoloi,Markovo,Female
68,show,Valeria,Beauman,Necoclí,Female
69,show,Fred,,Embu,Female
70,apple,Charissa,Foukx,Zákynthos,Female
71,apple,Nigel,Fuidge,Leonídio,Male
72,apple,Theodoric,Beacham,Candelaria,Male
73,,Portia,Bosanko,Ḩabūr,Female
74,show,Corene,Innerstone,Venado Tuerto,Female
75,horse,Blaine,Rontree,San Rafael,Male
76,apple,Giorgi,Tamblingson,Corral de Bustos,Male
77,show,Kandy,Moulsdale,Aygepat,Female
78,horse,Aindrea,Auckland,Dangmu,Female
79,apple,Junia,Olland,Aţ Ţawāḩīn,Female
80,horse,Dredi,Sellars,Concepcion,Female
81,apple,Bab,De Pero,Cibulakan,Female
82,apple,Salomi,Bellhanger,Dikou,Female
83,apple,Natassia,Farrin,Baculin,Female
84,show,Rossy,Chastney,Hudong,Male
85,apple,Bee,Andrin,Likhobory,Female
86,horse,Bord,Hanford,Ayorou,Male
87,show,Arlene,Stearns,Xianju,Female
88,show,Flossi,Hawket,Xinxu,Female
89,horse,Reagen,Bracer,Vilhelmina,Male
90,horse,Elisa,Van Der Weedenburg,Sindangrasa,Female
91,show,Ive,Burry,Gucheng,Male
92,,Trisha,Skittreal,Borogontsy,Female
93,show,Burt,McCafferky,Waddān,Male
94,apple,L;urette,Paddington,Dagar,Female
95,horse,Jorrie,Howselee,Tanguá,Female
96,horse,Andrew,Wife,Shuangmiao,Male
97,show,Fowler,Pape,Tolitoli,Male
98,apple,Michell,Grace,Kalisabuk,Female
99,show,Fiona,Bambridge,Jiangxigou,Female
100,apple,Giavani,Dorin,Anmore,Male
101,,,Walkingshaw,Amangarh,Female
102,apple,Willey,Hetterich,West End,Male
103,apple,Alistair,Raun,Unidos,Male
104,show,Barrie,Lapthorne,Pategi,Female
105,show,Ollie,Abrahmovici,Kabacan,Female
106,show,Inesita,Fothergill,Gongnong,Female
107,show,Bentley,,Baitu,Male
108,horse,Dorette,Trounce,Takamatsu-shi,Female
109,apple,,Pellman,Teutônia,Female
110,horse,Tanney,Gorman,Quimistán,Male
111,apple,Cyb,Mattei,Haarlem,Female
112,apple,Dom,Sprowle,Ciudad Bolívar,Male
113,apple,Selena,Brunton,Anfusi,Female
114,horse,Elisha,Omrod,Tha Luang,Female
115,show,Emogene,Phillipps,Paraisópolis,Female
116,apple,Christian,Chittem,Mem Martins,Male
117,horse,Demetre,Pilkinton,New York City,Male
118,apple,Farleigh,Roote,Gangkoujie,Male
119,apple,Wilfrid,Boaler,Šentjur,Male
120,show,Nat,Oger,Oyam,Male
121,show,Jacky,Landall,Sandovo,Female
122,apple,,Harmer,Montalvo,Female
123,show,Errick,Prine,Votuporanga,Male
124,show,Rebekkah,Leitche,Yixin,Female
125,apple,,Waby,El Mirador,Female
126,horse,Wilek,Jailler,Juripiranga,Male
127,apple,Lynnea,McNirlin,New York City,Female
128,horse,Filip,Mearing,Lelydorp,Male
129,show,Joyann,Duny,Al Mazra‘ah,Female
130,apple,Jourdain,Puzey,Blarney,Male
131,horse,Malorie,Spight,Montauban,Female
132,horse,Henriette,Incogna,Drummondville,Female
133,horse,Dorothea,McAlinion,Longfeng,Female
134,horse,Marshall,Titterton,Zhongling,Male
135,,Philip,Fulmen,Puyan,Male
136,horse,Alasteir,Hands,Tatuí,Male
137,horse,Yelena,de Mendoza,Polevskoy,Female
138,,Karen,Harriot,Buenaventura,Female
139,show,Meagan,Le Teve,Metz,Female
140,horse,Palm,Fickling,Ishikari,Male
141,apple,Rudie,Emig,Zemun,Male
142,show,Neall,Rook,Várzea da Palma,Male
143,,Lionello,Hayman,Maoyang,Male
144,horse,Shurlocke,Dunphie,Tortosendo,Male
145,show,,Matthias,Pancur,Female
146,show,Tandie,Dumphries,Bibiani,Female
147,show,Mame,Padgham,Almendra,Female
148,,Dagny,Benedite,Paynjuwayn,Male
149,horse,Blake,Izzatt,General Manuel J. Campos,Male
150,,Walton,Prendergrast,Telmin Suma,Male
151,horse,Leonidas,Jansema,Pandan Niog,Male
152,show,Barret,Rudham,Buea,Male
153,show,,Pentland,Jacutinga,Female
154,apple,Chaddie,Mar,Pereira,Male
155,show,,Ratchford,Riangwale,Male
156,horse,Darrel,Dundendale,São Domingos de Rana,Male
157,apple,Petronella,Pottage,Sogcho,Female
158,apple,Ferd,Koenen,Junshan,Male
159,horse,Suzanna,Godwyn,Yanwukou,Female
160,show,Oran,Bennetts,El Arañado,Male
161,show,Gabie,Ervine,Nato,Female
162,horse,Pansy,Scrauniage,Hanjiaji,Female
163,show,Ayn,Parminter,Mirontsi,Female
164,show,Rubetta,Tarbath,Casal Novo,Female
165,horse,Ulrike,Craighead,Mahendranagar,Female
166,horse,Jerrome,Brainsby,Balabagan,Male
167,,Lenora,Steptow,Bayonne,Female
168,show,Kerry,MacAnespie,Guangyuan,Female
169,horse,,Maffulli,Jeminay,Female
170,horse,Dennie,,La Lima,Male
171,show,Jud,Brackpool,Tangzang,Male
172,show,,Coushe,Buri,Female
173,horse,Johnathan,,Guanagazapa,Male
174,show,Haley,Gillott,Penitik,Male
175,show,Halsey,Caurah,Jinsheng,Male
176,horse,Devonne,Harold,Bun Barat,Female
177,apple,Ora,Ruperto,Inriville,Female
178,horse,Fabiano,Marchent,Paltamo,Male
179,show,Saunderson,Odom,Kavála,Male
180,apple,Elyn,Wegman,Jaroměřice,Female
181,apple,Glynnis,Bonde,Subrag,Female
182,apple,Burk,,Mantalongon,Male
183,apple,Rayner,Mulloch,Bektemir,Male
184,show,,Vondrach,Tococ East,Female
185,show,,Spyby,Chişinău,Female
186,show,,Clayborn,Cataguases,Female
187,horse,Frederich,Geer,Cergy-Pontoise,Male
188,horse,Constantia,Egre,Pisz,Female
189,show,Shayna,Stoop,Libao,Female
190,apple,Bastian,Brodley,Huangqiao,Male
191,apple,Ardelis,Borge,Guhuai,Female
192,horse,Edyth,Dell 'Orto,Independencia,Female
193,apple,Mathian,Lucus,Stavanger,Male
194,show,Rice,Hullbrook,Jeremoabo,Male
195,show,Antons,Latter,Zhourui,Male
196,show,Barbi,Mixhel,Pasireurih,Female
197,,Norean,Axworthy,Koga,Female
198,show,Leandra,Crackel,Roubaix,Female
199,horse,Filippo,Lubbock,Musina,Male
200,horse,Oliver,Threadgall,Sempu,Male
